synset,word,Source,
1,abhorrent,Romance,
1,repugnant,Romance,
2,abject,Romance,
2,scummy,Germanic,
3,ace,Romance,
3,adept,Romance,
3,genius,Romance,
3,star,Germanic,
3,superstar,Germanic,"super - Romance, star - Germanic"
4,ace,Romance,
4,nail,Germanic,
5,ache,Germanic,
5,yearn,Germanic,
5,Yen,Japanese,
5,pine,Romance,
6,achievable,Romance,
6,doable,Germanic,"do-Germanic, able-Romance"
6,manageable,Romance,
7,acquaintance,Romance,
7,familiarity,Romance,
8,acute,Romance,
8,sharp,Germanic,
9,addict,Romance,
9,hook,Germanic,
10,adept,Romance,
10,expert,Romance,
10,proficient,Romance,
10, skillful,Germanic,
11,adhere,Romance,
11,bind,Germanic,
11, stick,Germanic,
12,adversity,Romance,
12,hardship,Germanic,
13,affluence,Romance,
13,richness,Germanic,
14,affluent,Romance,
14,flush,Germanic,?
15,agile,Romance,
15,nimble,Germanic,
16,aimless,Romance,
16,vagrant,Germanic,
17,alarm,Romance,
17,alert,Romance,
18,align,Romance,
18,adjust,Romance,
19,allegiance,Germanic,
19,loyalty,Romance,
20,alter,Romance,
20,modify,Romance,
21,alter,Romance,
21,vary,Romance,
22,alternate,Romance,
22,jump,Germanic,
23,amalgamation,Romance,
23,merger,Romance,"merge-Romance, er-Germanic"
24,amends,Romance,
24,redress,Romance,
25,ample,Romance,
25,sizeable,Romance,*
26,angel,Romance,
26,backer,Germanic,
27,annoy,Romance,
27,rag,Germanic,
27,irritate,Romance,
27,devil,Greek,
28,antipathy,Greek,
28,aversion,Romance,
29,apparent,Romance,
29,manifest,Romance,
30,apparition,Romance,
30,phantom,Romance,
30,specter,Romance,
31,appease,Romance,
31,placate,Germanic,
31,gentle,Romance,
32,appoint,Romance,
32,nominate,Romance,
33,approachable,Romance,
33,reachable,Germanic,
34,aristocratic,Greek,
34,gentle,Romance,
34,patrician,Romance,
35,arouse,Romance,a-Germanic rouse-Romance
35,elicit,Romance,
35,kindle,Germanic,
35,evoke,Romance,
35,raise,Germanic,
35,provoke,Romance,
36,artisan,Romance,
36,journeyman,Romance,
37,artistry,Romance,
37,prowess,Romance,
38,attachment,Romance,
38,adherence,Romance,
39,attend,Romance,
39,hang,Germanic,
40,attire,Romance,
40,garb,Germanic,
41,attract,Romance,
41,pull,Germanic,
42,auction,Romance,
42,auctioneer,Romance,
43,audacious,Romance,
43,fearless,Germanic,
44,audit,Romance,
44,scrutinize,Germanic,
44,inspect,Romance,
45,authorization,Romance,
45,empowerment,Romance,
46,authorization,Romance,
46,potency,Romance,
47,avenge,Romance,
47,retaliate,Romance,
48,avid,Romance,
48,zealous,Greek,
49,awake,Germanic,
49,arouse,Romance,
49,awaken,Germanic,
49,wake,Germanic,
50,award,Romance,
50,present,Romance,
51,awkwardness,Germanic,
51,slowness,Germanic,
52,banishment,Germanic,
52,ostracism,Greek,
53,bankrupt,Romance,
53,ruin,Romance,
53,break,Germanic,
54,barbarous,Romance,
54,fell,Germanic,
54,savage,Romance,
54,vicious,Romance,
55,baron,Romance,
55,magnate,Romance,
55,mogul,Germanic,
55,tycoon,Japanese,
56,baseless,Greek,less-Germanic
56,groundless,Germanic,
56,idle,Germanic,
56,wild,Germanic,
57,batch,Germanic,
57,flock,Germanic,
57,mess,Romance,
57,mint,Germanic,
57,slew,Proto-Indo-European,
58,bathe,Germanic,
58,bath,Germanic,Herberw
59,bathtub,Germanic,
59,bath,Germanic,Herberw
60,baton,Romance,
60,wand,Germanic,
61,beacon,Germanic,
61,lighthouse,Germanic,
62,beast,Romance,
62,brute,Romance,
63,beastly,Romance,
63,brute,Romance,
63,brutish,Romance,ish-Germanic
64,beastly,Romance,
64,hellish,Germanic,
65,bedroom,Germanic,
65,chamber,Romance,
66,bed,Germanic,
66,tap,Germanic,
67,behemoth,Romance,Herberw
67,colossus,Romance,
68,belittle,Germanic,
68,denigrate,Romance,
69,beverage,Romance,
69,drinkable,Germanic,
69,potable,Romance,
70,bind,Germanic,
70,bandage,Romance,
71,bite,Germanic,
71,burn,Germanic,
72,bland,Germanic,
72,insipid,Romance,
72,vapid,Romance,
73,bleak,Germanic,
73,dim,Germanic,
74,bleed,Germanic,
74,leech,Germanic,
75,blend,Germanic,
75,flux,Romance,
75,mix,Germanic,
75,coalesce,Romance,
75,combine,Romance,
76,blessing,Germanic,
76,approval,Romance,
77,blessing,Germanic,
77,boon,Germanic,
78,blight,Germanic,
78,plague,Romance,
79,bloodline,Germanic,
79,ancestry,Romance,
79,origin,Romance,
79,parentage,Romance,
80,bloom,Germanic,
80,blossom,Germanic,
80,flower,Romance,
81,blueprint,mix,
81,draught,Germanic,
82,blunder,?,middle English
82,botch,Germanic,
83,blunder,?,middle English
83,ejaculate,Romance,
84,bondage,Romance,
84,thrall,Germanic,
85,bonnet,Germanic,
85,cowl,Romance,
86,booklet,Germanic,"book-Germanic, let-Romance"
86,leaflet,Germanic,"leaf-Germanic, let-Romance"
86,pamphlet,Romance,
87,boom,Germanic,
87,thrive,Germanic,
87,flourish,Romance,
88,botch,Germanic,
88,blow,Germanic,
88,spoil,Romance,
89,bound,Germanic,
89,rebound,Romance,
89,ricochet,Romance,
90,bravado,Romance,
90,bluster,Germanic,
91,bread,Germanic,
91,cabbage,Romance,
91,dough,Germanic,
91,kale,Romance,
91,lettuce,Romance,
92,breeze,?,
92,zephyr,Romance,
93,burdensome,Germanic,
93,onerous,Romance,
94,bureau,Romance,
94,dresser,Romance,
95,burying,Germanic,
95,burial,Germanic,
96,bushy,Germanic,
96,shaggy,shaggy,
97,butchery,Germanic,
97,shambles,Romance,
98,buttery,Romance,
98,smarmy,?,
99,calculate,Romance,
99,compute,Romance,
100,camp,Germanic,
100,tent,Romance,
101,candid,Romance,
101,frank,Romance,
101,outspoken,Germanic,
102,candle,Romance,
102,taper,?,
103,capricious,Romance,
103,freakish,Germanic,
104,capricious,Romance,
104,whimsical,?,
105,cargo,Romance,
105,freight,Germanic,
106,carnage,Romance,
106,butchery,Germanic,
107,carriage,Romance,
107,pram,?,
108,catch,Romance,
108,charm,Romance,
108,entrance,Germanic,
109,celestial,Romance,
109,heavenly,Germanic,
110,challenge,Romance,
110,dispute,Romance,
111,chase,Romance,
111,trail,Romance,
111,tail,Germanic,
112,chop,Germanic,
112,chopper,Germanic,
113,chop,Germanic,
113,hack,Germanic,
114,circumference,Romance,
114,perimeter,Greek,
115,clandestine,Romance,
115,secret,Romance,
115,underground,Germanic,
116,close,Romance,
116,shut,Germanic,
117,clothe,Germanic,
117,garb,Germanic,
117,tog,Romance,
117,garment,Romance,
117,apparel,Romance,
118,coherence,Romance,
118,cohesion,Romance,
119,collaborator,Romance,
119,henchman,Germanic,
120,collar,Romance,
120,nail,Germanic,
120,cop,Germanic,
121,collect,Romance,
121,amass,Romance,
121,hoard,Germanic,
122,commendable,Romance,
122,laudable,Romance,
122,praiseworthy,Germanic,*
123,compact,Romance,
123,pack,Germanic,
124,companion,Romance,
124,fellow,Germanic,
125,companionship,Romance,ship - germanic
125,fellowship,Germanic,
126,compel,Romance,
126,oblige,Romance,
127,comprehend,Romance,
127,dig,Germanic,
128,compress,Romance,
128,compact,Romance,
129,concede,Romance,
129,profess,Romance,
129,confess,Romance,
130,concede,Romance,
130,yield,Germanic,
130,cede,Romance,
131,conceivable,Romance,
131,imaginable,Romance,
132,confer,Romance,
132,bestow,Germanic,
133,confer,Romance,
133,consult,Romance,
134,configuration,Romance,
134,constellation,Romance,
135,congregation,Romance,
135,constellation,Romance,
136,connect,Romance,
136,tie,Germanic,
137,consist,Romance,
137,comprise,Romance,
138,conspire,Romance,
138,cabal,Romance,Herberw
139,continue,Romance,
139,proceed,Romance,
140,convey,Romance,
140,fetch,Germanic,
141,convey,Romance,
141,transmit,Romance,
141,communicate,Romance,
142,cook,Romance,
142,ready,Germanic,
142,prepare,Romance,
143,corporal,Romance,
143,somatic,Greek,
144,corpse,Romance,
144,stiff,Germanic,
145,correspond,Romance,
145,tally,Romance,
146,cosmopolitan,Greek,
146,ecumenical,Greek,
147,cover,Romance,
147,cross,Romance,
148,cowardly,Romance,
148,fearful,Germanic,
149,cradle,Germanic,
149,provenance,Romance,
150,crafty,Germanic,
150,cunning,Germanic,
150,sly,Germanic,
151,crank,Germanic,
151,cranky,Germanic,
151,tender,Romance,
152,cranky,Germanic,
152,irritable,Romance,
153,crave,Germanic,
153,hunger,Germanic,
153,thirst,Germanic,
153,starve,Germanic,
153,lust,Germanic,
154,crawl,Germanic,
154,creep,Germanic,
155,craze,Germanic,
155,hysteria,Romance,
156,credible,Romance,
156,believable,Germanic,
157, cripple,Germanic,
157,lame,Germanic,
158,cross,Romance,
158,span,Germanic,
159,crouch,Germanic,
159,stoop,Germanic,
159,bend,Germanic,
160,crude,Romance,
160,rough,Germanic,
161,crusade,Romance,
161,press,Romance,
161,push,Romance,
161,agitate,Romance,
162,cry,Germanic,
162,yell,Germanic,
163,cubicle,Romance,
163,stall,Germanic,
163,kiosk,Persian,
164,cunning,Germanic,
164,guile,Germanic,
165,cunning,Germanic,
165,ingenious,Romance,
166,curate,Romance,
166,pastor,Romance,
167,debacle,Romance,
167,fiasco,Romance,
168,debris,Germanic,
168,dust,Germanic,
169,debunk,?,
169,expose,Romance,
170,decapitate,Romance,
170,behead,Germanic,
171,decorate,Romance,
171,grace,Romance,
172,decorate,Romance,
172,grace,Romance,
172,ornament,Romance,
173,decrease,Romance,
173,diminish,Romance,
173,fall,Germanic,
174,decrease,Romance,
174,reduction,Romance,
175,defy,Romance,
175,withstand,Germanic,
176,delicate,Romance,
176,fragile,Romance,
176,frail,Romance,
177,demonic,Romance,
177,hellish,Germanic,
177,unholy,Germanic,
178,denounce,Romance,
178,betray,Romance,
178,rat,Germanic,
178,grass,Germanic,
178,stag,Germanic,
179,designate,Romance,
179,assign,Romance,
180,deter,Romance,
180,discourage,Romance,
181,determine,Romance,
181,mold,Romance,
181,regulate,Romance,
182,devise,Romance,
182,formulate,Romance,
182,forge,Romance,
183,dexterity,Romance,
183,sleight,Germanic,
184,dialectic,Romance,
184,dialectical,Romance,
185,digest,Romance,
185,endure,Romance,
185,stomach,Romance,
185,stand,Germanic,
185,tolerate,Romance,
186,digress,Romance,
186,wander,Germanic,
187,diminutive,Romance,
187,petite,Romance,
188,disastrous,Romance,
188,fatal,Romance,
188,fateful,Romance,ful - Germanic
189,discard,Romance,
189,dispose,Romance,
190,disclose,Romance,
190,reveal,Romance,
190,expose,Romance,
190,divulge,Romance,
190,break,Germanic,
191,discrepancy,Romance,
191,disagreement,Romance,
191,variance,Romance,
192,disgrace,Romance,
192,demean,Germanic,
193,disgraceful,Romance,
193,scandalous,Romance,
193,shameful,Germanic,
194,disgraceful,Romance,
194,shameful,Germanic,
195,disgust,Romance,
195,repel,Romance,
196,disregard,Romance,
196,ignore,Romance,
197,distribute,Romance,
197,administer,Romance,
197,dispense,Romance,
198,dizzy,Germanic,
198,giddy,Germanic,
199,domesticate,Romance,
199,cultivate,Romance,
199,tame,Germanic,
200,dominate,Romance,
200,reign,Romance,
200,prevail,Romance,
201,doom,Germanic,
201,designate,Romance,
202,doorbell,Germanic,
202,bell,Germanic,
202,buzzer,onomatopoeic,
203,dot,Germanic,
203,dust,Germanic,
203,disperse,Romance,
204,dot,Germanic,
204,stud,Germanic,
205,downfall,Germanic,
205,ruin,Romance,
206,drag,Germanic,
206,trail,Romance,
207,dread,Germanic,
207,dreadful,Germanic,
207,fearful,Germanic,
207,frightening,Germanic,
207,horrendous,Romance,
208,drift,Germanic,
208,impetus,Romance,
209,drinkable,Germanic,"drink -Germanic, able- Romance"
209,potable,Romance,
210,drivel,Germanic,
210,dribble,Germanic,
211,dull,Germanic,
211,tedious,Romance,
212,duplicate,Romance,
212,repeat,Romance,
212,replicate,Romance,
213,dwell,Germanic,
213,consist,Romance,
213,lie,Germanic,
214,earnest,Germanic,
214,sincere,Romance,
214,solemn,Romance,
215,eccentric,Romance,
215,freakish,Germanic,
215,outlandish,Germanic,
216,ecstasy,Romance,
216,rapture,Romance,
217,educate,Romance,
217,cultivate,Romance,
217,civilize,Romance,
218,elderly,Germanic,
218,senior,Romance,
219,embrace,Romance,
219,encompass,Romance,
219,comprehend,Romance,
219,cover,Romance,
220,empiricism,Romance,
220,sensationalism,Romance,
221,encroach,Germanic,
221,infringe,Romance,
222,endless,Germanic,
222,eternal,Romance,
223,entice,Romance,
223,lure,Germanic,
223,tempt,Romance,
224,entrance,Germanic,
224,entry,Romance,
225,entrust,Germanic,
225,confide,Romance,
226,ephemeral,Romance,
226,transitory,Romance,
227,err,Romance,
227,slip,Germanic, old English but unknown origin *
228,erratic,Romance,
228,fickle,Germanic,
228,quicksilver,Germanic,
229,estimate,Romance,
229,gauge,Germanic,
229,approximate,Romance,
229,judge,Romance,
230,eternal,Romance,
230,everlasting,Germanic,
230,perpetual,Romance,
231,examine,Romance,
231,essay,Romance,
232,exceed,Romance,
232,outdo,Germanic,
232,outperform,Germanic,
233,execute,Romance,
233,fulfill,Germanic,
234,exhibit,Romance,
234,march,Germanic,
235,expedite,Romance,
235,hasten,Germanic,
236,express,Romance,
236,utter,Germanic,
237,extremity,Romance,
237,appendage,Romance,
238,fade,Romance,
238,melt,Germanic,
239,faithless,Romance,
239,unfaithful,Romance,
240,farce,Romance,
240,travesty,Romance,
241,fashion,Romance,
241,forge,Romance,
242,feasible,Romance,
242,workable,Germanic,
243,feast,Romance,
243,fiesta,Romance,
244,feces,Romance,
244,stool,Germanic,
245,feral,Romance,
245,savage,Romance,
246,ferocious,Romance,
246,savage,Romance,
247,fiend,Germanic,
247,devil,Greek,
247,demon,Romance,
248,filament,Romance,
248,strand,Germanic,
249,finger,Germanic,
249,thumb,Germanic,
250,firm,Romance,
250,steady,Germanic,
250,stiff,Germanic,
250,unwavering,Germanic,
251,fixation,Romance,
251,regression,Romance,
252,fleeting ,Germanic,
252,fugitive,Romance,
253,foggy,Germanic,
253,hazy,Germanic,
253,misty,Germanic,
254,folly,Romance,
254,foolishness,Romance,
255,forge,Romance,
255,counterfeit,Romance,
256,forte,Romance,
256,specialty,Romance,
256,speciality,Romance,
257,foster,Germanic,
257,nurture,Romance,
258,foster,Germanic,
258,surrogate,Romance,
259,fowl,Germanic,
259,poultry,Romance,
260,fragrance,Romance,
260,perfume,Romance,
261,franchise,Romance,
261,dealership,Germanic,
262,freak,Germanic,
262,monstrosity,Romance,
263,fresh,Germanic,
263,sassy,Romance,
263,wise,Germanic,
264,frisson,Romance,
264,chill,Germanic,
264,quiver,Germanic,?
264,thrill,Germanic,
265,fruitless,Romance,
265,futile,Romance,
265,sleeveless,Germanic,
266,frustration,Romance,
266,defeat,Romance,
267,fugitive,Romance,
267,runaway,Germanic,
268,gall,Germanic,
268,irk,Germanic,
269,garrison,Germanic,
269,fort,Romance,
270,generalize,Romance,
270,infer,Romance,
271,gleeful,Germanic,
271,joyful,Romance,
272,glide,Germanic,
272,gliding,Germanic,
273,glut,Romance,
273,overeat,Germanic,
274,glut,Romance,
274,oversupply,Romance,
275,grateful,Romance,
275,thankful,Germanic,
276,grave,Germanic,
276,sober,Romance,
276,solemn,Romance,
277,grieve,Romance,
277,sorrow,Germanic,
278,grinder,Germanic,
278,submarine,Romance,
278,wedge,Germanic,
279,gripe,Germanic,
279,crab,Germanic,
280,grove,Germanic,
280,orchard,Germanic,
280,plantation,Romance,
281,gunman,Germanic,
281,hitman,Germanic,
281,shooter,Germanic,
282,hamper,Germanic,
282,strangle,Romance,
283,hapless,Germanic,
283,pitiful,Romance,
284,haptic,Greek,
284,tactile,Romance,
285,harass,Romance,
285,harry,Germanic,
285,plague,Romance,
285,molest,Romance,
285,provoke,Romance,
286,harness,Germanic,
286,tackle,Germanic,
287,harry,Germanic,
287,ravage,Romance,
288,haunt,Germanic,
288,obsess,Romance,
289,hedge,Germanic,
289,evade,Romance,
289,skirt,Germanic,
289,duck,Germanic,
290,helicopter,Greek,
290,chopper,Germanic,
291,hideous,Germanic,
291,horrid,Romance,
291,outrageous,Romance,
292,hilarity,Romance,
292,glee,Germanic,
293,hinder,Germanic,
293,embarrass,Romance,
294,hindrance,Germanic,ance-Romance
294,impediment,Romance,
295,hookah,Hindi,
295,shisha,Egyptian,
296,hostility,Romance,
296,enmity,Romance,
296,antagonism,Greek,
297,hovel,Germanic,
297,hut,Germanic,
297,shanty,Romance,
298,humanitarianism,Romance,
298,humanism,Romance,
299,humble,Romance,
299,lowly,Germanic,
300,humble,Romance,
300,menial,Romance,
300,lowly,Germanic,
301,humiliate,Romance,
301,chagrin,?,
301,humble,Romance,
302,husk,Germanic,
302,stalk,Germanic,
302,stubble,Romance,
303,identify,Romance,
303,distinguish,Romance,
303,describe,Romance,
304,idiotic,Romance,
304,laughable,Germanic,
304,nonsensical,Romance,
304,preposterous,Romance,
305,idle,Germanic,
305,jobless,?,
306,ignore,Romance,
306,disregard,Romance,
307,impart,Romance,
307,transmit,Romance,
307,convey,Romance,
308,impede,Romance,
308,hinder,Germanic,
309,impress,Romance,
309,move,Romance,
309,strike,Germanic,
310,inane,Romance,
310,mindless,Germanic,
310,vacuous,Romance,
311,infeasible,Romance,in-Germanic
311,unfeasible,Romance,un-Gernamic
311,unworkable,Germanic,able - Romance
312,infinite,Romance,
312,innumerable,Romance,
312,myriad,Romance,
313,inflate,Romance,
313,amplify,Romance,
314,ingenuity,Romance,
314,cleverness,Germanic,
315,initiate,Romance,
315,pundit,Hindi,
315,savant,Romance,
316,inlet,Germanic,
316,recess,Romance,
317,inordinate,Romance,
317,undue,Romance,
318,intelligible,Romance,
318,understandable,Germanic,
319,intestine,Romance,
319,bowel,Romance,
319,gut,Germanic,
320,invalidate,Romance,
320,annul,Romance,
320,quash,Romance,
320,void,Romance,
320,nullify,Romance,
321,irritation,Romance,
321,annoyance,Romance,
322,jargon,Romance,
322,vernacular,Romance,
323,jolly,Romance,
323,jovial,Romance,
323,merry,Germanic,
324,jump,Germanic,
324,leap,Germanic,
324,bound,Romance,
325,label,Germanic,
325,mark,Germanic,
326,lance,Romance,
326,shaft,Germanic,
327,lark,Germanic,
327,frisk,Germanic,
328,leading,Germanic,
328,star,Germanic,
328,stellar,Romance,
329,lend,Germanic,
329,impart,Romance,
329,bestow,Germanic,
330,lifelike,Germanic,
330,vivid,Romance,
331,lukewarm,Germanic,
331,tepid,Romance,
332,lush,Germanic,
332,plush,Romance,
333,luster,Romance,
333,splendor,Romance,
334,mailman,Germanic,
334,postman,Romance,
335,manufacture,Romance,
335,fabricate,Romance,
335,construct,Romance,
336,maroon,Romance,
336,strand,Germanic,
337,maul,Romance,
337,sledgehammer,Germanic,
338,meager,Romance,
338,meagre,Romance,
338,stingy,Germanic,
339,meddle,Romance,
339,tamper,Romance,
340,merchandise,Romance,
340,ware,Germanic,
341,mindless,Germanic,
341,senseless,Romance,
342,mint,Germanic,
342,strike,Germanic,
343,mire,Germanic,
343,muck,Germanic,
344,misdemeanor,Romance,
344,infraction,Romance,
345,misinterpret,Romance,
345,misunderstand,Germanic,
346,modification,Romance,
346,adjustment,Romance,
347,moody,Germanic,
347,sour,Germanic,
348,mundane,Romance,
348,routine,Romance,
348,unremarkable,Romance,
349,mutilate,Romance,
349,mangle,Germanic,
350,mystic,Romance,
350,mystical,Romance,
351,narration,Romance,
351,tale,Germanic,
352,narration,Romance,
352,yarn,Germanic,
353,nauseous,Romance,
353,queasy,Germanic,
353,loathsome,Germanic,
353,vile,Romance,
354,nautical,Romance,
354,maritime,Romance,
355,neat,Germanic,
355,peachy,Romance,
355,swell,Germanic,
356,noon,Romance,
356,midday,Germanic,
357,numeral,Romance,
357,numeric,Romance,
358,obscure,Romance,
358,cloud,Germanic,
358,mist,Germanic,
359,obscure,Romance,
359,unknown,Germanic,
359,unsung,Vietnamese,
360,observe,Romance,
360,remark,Romance,
361,obstacle,Romance,
361,obstruction,Romance,
362,obstinate,Romance,
362,wayward,Germanic,
363,obstruction,Romance,
363,blockage,Germanic,age- Romance
364,omen,Romance,
364,prodigy,Romance,
365,ominous,Romance,
365,sinister,Romance,
365,threatening,Germanic,
366,onset,Germanic,
366,oncoming,Germanic,
367,orb,Romance,
367,revolve,Romance,
368,ostracize,Greek,
368,shun,Germanic,
369,outlaw,Germanic,
369,criminalize,Romance,
370,outline,Germanic,
370,synopsis,Romance,
371,outlive,Germanic,
371,outlast,Germanic,
372,overcharge,Romance,over- Germanic
372,soak,Germanic,
372,surcharge,Romance,
372,fleece,Germanic,
372,rob,Romance,
372,hook,Germanic,
373,overcome,Germanic,
373,defeat,Romance,
374,overdo,Germanic,
374,exaggerate,Romance,
375,overhaul,Germanic,
375,modernize,Romance,
376,overstate,Romance,over- Germanic
376,exaggerate,Romance,
376,amplify,Romance,
377,overthrow,Germanic,
377,subvert,Romance,
377,overturn,Romance,over- Germanic
378,overturn,Romance,over- Germanic
378,override,Germanic,
378,overthrow,Germanic,
378,reverse,Romance,
379,overwhelm,Germanic,
379,overcome,Germanic,
380,palette,Romance,
380,pallet,Germanic,
381,pant,Romance,
381,puff,Germanic,
382,pantry,Romance,
382,buttery,Romance,
383,paradise,Romance,
383,nirvana,Sanscirit,
384,parlance,Romance,
384,idiom,Romance,
385,parody,Romance,
385,travesty,Romance,
385,charade,Romance,
386,passage,Romance,
386,transition,Romance,
387,pastime,Romance,
387,pursuit,Romance,
388,patio,Romance,
388,terrace,Romance,
389,pawn,Romance,
389,soak,Germanic,
390,perform,Romance,
390,execute,Romance,
391,persecute,Romance,
391,oppress,Romance,
392,pertain,Romance,
392,relate,Romance,
392,concern,Romance,
392,touch,Germanic,
393,pervert,Romance,
393,subvert,Romance,
393,profane,Romance,
394,picker,Germanic,
394,selector,Romance,
395,pillage,Romance,
395,foray,Germanic,
396,pinpoint,?,pin-Gernanic pint-Ronmance
396,nail,Germanic,
397,pit,Germanic,
397,cavity,Romance,
398,plethora,Romance,
398,embarrassment,Romance,
399,poke,Germanic,
399,dig,Germanic,
400,politeness,Romance,
400,niceness,Romance,
401,populate,Romance,
401,dwell,Germanic,
401,inhabit,Romance,
402,pose,Germanic,
402,lay,Germanic,
403,potter,Germanic,
403,tinker,Germanic,
403,monkey,Germanic,
404,prepare,Romance,
404,educate,Romance,
405,prepare,Romance,
405,ready,Germanic,
406,present,Romance,
406,pose,Germanic,
407,presumption,Romance,
407,precondition,Romance,
408,pretense,Romance,
408,pretence,Romance,
409,prevalent,Romance,
409,dominant,Romance,
410,print,Germanic,
410,publish,Romance,
411,prize,Romance,
411,award,Romance,
412,procrastinate,Romance,
412,stall,Germanic,
413,prosecute,Romance,
413,pursue,Romance,
414,propose,Romance,
414,advise,Romance,
415,proverb,Romance,
415,adage,Romance,
416,pry,Germanic,
416,prize,Romance,
416,lever,Romance,
417,pulpit,Romance,
417,stump,Germanic,
417,soapbox,Germanic,
418,pulse,Romance,
418,heartbeat,Germanic,
419,purpose,Romance,
419,propose,Romance,
420,quartz,Germanic,
420,crystal,Romance,
421,quell,Germanic,
421,quench,Germanic,
422,rag,Germanic,
422,lecture,Romance,
422,reprimand,Romance,
422,jaw,Germanic,
422,berate,Germanic,
423,raincoat,Germanic,
423,waterproof,Germanic,
424,raise,Germanic,
424,invoke,Romance,
424,evoke,Romance,
424,stir,Germanic,
424,arouse,Romance,
425,ramp,Germanic,
425,storm,Germanic,
426,rant,Germanic,
426,rave,Romance,
427,raze,Romance,
427,dismantle,Romance,
428,reap,Germanic,
428,harvest,Germanic,
428,glean,Romance,
429,recourse,Romance,
429,resort,Romance,
429,refuge,Romance,
430,rectify,Romance,
430,remedy,Romance,
430,repair,Romance,
430,amend,Romance,
431,reddish,Germanic,
431,cherry,Romance,
431,ruby,Romance,
431,scarlet,Romance,
432,regenerate,Romance,
432,renew,Germanic,
433,regenerate,Romance,
433,revitalize,Romance,
434,relinquish,Romance,
434,resign,Romance,
435,remedial,Romance,
435,therapeutic,Romance,
436,remembrance,Romance,
436,recollection,Romance,
437,repeat,Romance,
437,echo,Romance,
438,reprehensible,Romance,
438,vicious,Romance,
439,rescue,Romance,
439,deliverance,Romance,
439,saving,Romance,
440,resentment,Romance,
440,bitterness,Germanic,
440,gall,Germanic,
441,resign,Romance,
441,renounce,Romance,
442,resonant,Romance,
442,resounding,Germanic,
443,restrict,Germanic,
443,curb,Romance,
444,retinue,Romance,
444,suite,Romance,
444,entourage,Romance,
445,restrict,Germanic,
445,restrain,Romance,
445,bound,Germanic,
445,throttle,Germanic,
446,revoke,Romance,
446,annul ,Romance,
446,reverse,Romance,
446,repeal,Romance,
446,overturn,Germanic,
447,ridicule,Romance,
447,roast,Germanic,
448,rip,Germanic,
448,pull,Romance,
449,sabotage,Romance,
449,undermine,Germanic,
449,counteract,Romance,
449,subvert,Romance,
450,saliva,Romance,
450,spit,Germanic,
451,satisfy,Romance,
451,fulfill,Germanic,
452,scar,,Combination of both
452,mark,Germanic,
452,pit,Germanic,
453,scrape,Germanic,
453,grate,Romance,
454,seedy,Germanic,
454,sordid,Romance,
455,seek,Germanic,
455,essay,Romance,
456,selection,Romance,
456,option,Romance,
457,senseless,Romance,less- Germanic
457,superfluous,Romance,
458,sentence,Romance,
458,doom,Germanic,
459,shred,Germanic,
459,iota,Greek,
459,tittle,Romance,
460,shroud,Germanic,
460,hide,Germanic,
460,cover,Romance,
461,singer,Germanic,
461,vocalist,Romance,
462,sink,Germanic,
462,pass,Romance,
462,lapse,Romance,
463,sketch,Romance,
463,outline,Germanic,
464,slender,Germanic,
464,slight,Germanic,
464,slim,Germanic,
465,slim,Germanic,
465,thin,Germanic,
466,slip,Germanic,
466,slew,Celtic,
466,slide,Germanic,
467,smasher,Germanic,
467,stunner,Germanic,
467,peach,Romance,
468,smother,Germanic,
468,stifle,Germanic,
468,strangle,Romance,
469,smother,Germanic,
469,suffocate,Romance,
470,soar,Romance,
470,surge,Romance,
471,soma,Romance,
471,physique,Romance,
471,anatomy,Romance,
471,chassis,Romance,
471,flesh,Germanic,
472,soot,Germanic,
472,crock,Germanic,
473,soothe,Germanic,
473,solace,Romance,
474,sophistry,Romance,
474,sophistication,Romance,
475,spend,Germanic,
475,pass,Romance,
476,spiteful,Romance,
476,vindictive,Romance,
477,spook,Germanic,
477,specter,Romance,
478,stag,Germanic,
478,snoop,Germanic,
479,stagger,Germanic,
479,keel,Germanic,
480,steep,Germanic,
480,immerse,Romance,
481,stimulate,Romance,
481,excite,Romance,
482,stir,Germanic,
482,shift,Germanic,
482,budge,Romance,
482,agitate,Romance,
483,stomach,Romance,
483,belly,Germanic,
484,strangle,Romance,
484,throttle,Germanic,
485,substance,Romance,
485,gist,Romance,
485,heart,Germanic,
486,supervision,Romance,
486,oversight,Germanic,
487,supplant,Romance,
487,supersede,Romance,
488,suppress,Romance,
488,inhibit,Romance,
488,conquer,Romance,
488,curb,Romance,
489,swear,Germanic,
489,rely,Romance,
490,swerve,Germanic,
490,curve,Romance,
490,slew,Celtic,
491,symbiosis,Greek,
491,mutualism,Romance,
492,tailor,Romance,
492,orient,Romance,
493,tamper,Romance,
493,fiddle,Germanic,
493,monkey,Germanic,
494,tarnish,Germanic,
494,stain,Germanic,
495,tease,Germanic,
495,badger,Romance,
496,tease,Germanic,
496,rag,Germanic,
496,bait,Germanic,
497,terminal,Romance,
497,terminus,Romance,
497,depot,Romance,
498,testify,Romance,
498,attest,Romance,
499,threesome,Germanic,
499,triad,Romance,
499,trinity,Romance,
500,thresh,Germanic,
500,flail,Germanic,
501,thumb,Germanic,
501,leaf,Germanic,
502,thwart,Germanic,
502,spoil,Romance,
502,foil,Romance,
502,cross,Romance,
502,frustrate,Romance,
503,tie,Germanic,
503,bind,Germanic,
504,tonic,Greek,
504,tonal,Romance,
505,torment,Romance,
505,rag,Germanic,
505,crucify,Romance,
505,dun,Germanic,
505,frustrate,Romance,
506,touch,Germanic,
506,rival,Romance,
507,trailer,Romance,
507,poke,Germanic,
508,translate,Romance,
508,interpret,Romance,
508,render,Romance,
509,trap,Germanic,
509,pin,Germanic,
509,immobilize,Romance,
510,treachery,Germanic,
510,betrayal,Romance,
510,treason,Romance,
511,tread,Germanic,
511,trample,Germanic,
512,trigonometry,Romance,
512,trig,Germanic,
513,trim,Germanic,
513,prune,Romance,
514,twin,Germanic,
514,duplicate,Romance,
515,twisty,Germanic,
515,winding,Germanic,
516,tyrant,Romance,
516,autocrat,Greek,
516,despot,Romance,
517,undesirable,Romance,
517,unwanted,Germanic,
518,undress,Romance,
518,peel,Romance,
519,ungrateful,Romance,
519,thankless,Germanic,
520,unload,Germanic,
520,discharge,Romance,
521,unwieldy,Germanic,
521,unmanageable,Romance,
522,urge,Romance,
522,press,both,
523,uterus,Romance,
523,womb,Germanic,
524,utter,Germanic,
524,mouth,Germanic,
525,vegetation,Romance,
525,flora,Romance,
526,venture,Romance,
526,embark,Romance,
527,venture,Romance,
527,pretend,Romance,
528,verifiable,Romance,
528,falsifiable,Romance,
529,vibration,Romance,
529,quiver,Germanic,
530,vindictive,Romance,
530,vengeful,Romance,
531,vomit,Romance,
531,spew,Germanic,
531,regurgitate,Romance,
532,voyage,Romance,
532,sail,Germanic,
532,navigate,Romance,
533,waive,Romance,
533,relinquish,Romance,
533,forego,Germanic,
534,wander,Germanic,
534,swan,Germanic,
534,roam,Germanic,
534,drift,Germanic,
535,waste,Germanic,
535,blow,Germanic,
536,weary,Germanic,
536,fatigue,Romance,
537,weave,Romance,
537,wander,Germanic,
538,wench,Germanic,
538,skirt,Germanic,
538,chick,Germanic,
539,wield,Germanic,
539,exert,Romance,
540,yearly,Germanic,
540,yearbook,Germanic,
541,yield,Germanic,
541,succumb,Romance,
